Fund Name,P1,P2,P3,P4,P5,Topsis Score,Rank
M1,0.8,0.64,5.5,62.8,17.44,0.621278704,2
M2,0.86,0.74,4.4,51.1,14.28,0.622587525,1
M3,0.9,0.81,3.8,41.2,11.68,0.537515516,3
M4,0.62,0.38,4.5,39.8,11.33,0.309591265,8
M5,0.73,0.53,4.6,44.1,12.49,0.411295102,5
M6,0.74,0.55,3.8,33.2,9.57,0.370905906,6
M7,0.6,0.36,3.3,46.1,12.59,0.419651081,4
M8,0.65,0.42,4.7,43.7,12.37,0.350662576,7
